Model,MAE,RMSE,R2
Linear Regression,11599.752647028372,17017.193217903026,0.48995195867462704
Random Forest,14701.04630639996,17985.24880835837,0.43027126443457553
